"File","Lines","HasTOC","HasDeepSection","HasPlaceholderDeep","HasExamples","HasSummary","IsMinimal"
"02_Formal_Semantics_and_Physics\diagrams\network_statistics.md","27","No","No","No","No","No","Yes"
"09_Data_Structures_Algorithms\09_Distributed_Algorithms\01_Distributed_Consensus.md","33","No","No","No","No","No","Yes"
"20_Industrial_Case_Studies\23_Cache_System.md","33","No","No","No","No","No","Yes"
"06_Embedded_Bare_Metal\09_Embedded_Linux\01_Buildroot_Guide.md","33","No","No","No","No","No","Yes"
"20_Industrial_Case_Studies\07_Distributed_KV_Store_Case.md","35","No","No","No","No","No","Yes"
"20_Industrial_Case_Studies\06_Virtual_Machine_Case.md","35","No","No","No","No","No","Yes"
"20_Industrial_Case_Studies\05_Network_Protocol_Stack_Case.md","35","No","No","No","No","No","Yes"
"05_C_Language_Standards\06_Standard_Evolution\03_C_Implementations.md","35","No","No","No","No","No","Yes"
"20_Industrial_Case_Studies\03_Compiler_Frontend_Case.md","35","No","No","No","No","No","Yes"
"20_Industrial_Case_Studies\04_Database_Engine_Case.md","35","No","No","No","No","No","Yes"
"20_Industrial_Case_Studies\16_Garbage_Collector.md","35","No","No","No","No","No","Yes"
"20_Industrial_Case_Studies\17_Debugger_Implementation.md","35","No","No","No","No","No","Yes"
"20_Industrial_Case_Studies\20_Proxy_Server.md","35","No","No","No","No","No","Yes"
"20_Industrial_Case_Studies\15_JIT_Compiler.md","35","No","No","No","No","No","Yes"
"20_Industrial_Case_Studies\08_Embedded_Bootloader_Case.md","35","No","No","No","No","No","Yes"
"20_Industrial_Case_Studies\11_Container_Runtime.md","35","No","No","No","No","No","Yes"
"20_Industrial_Case_Studies\12_Real_Time_Audio.md","35","No","No","No","No","No","Yes"
"06_Embedded_Bare_Metal\09_Embedded_Linux\02_Yocto_Project.md","35","No","No","No","No","No","Yes"
"20_Industrial_Case_Studies\45_5G_Core_Network\01_5G_Core_Implementation.md","35","No","No","No","No","No","Yes"
"20_Industrial_Case_Studies\44_Augmented_Reality\01_AR_Tracking_System.md","35","No","No","No","No","No","Yes"
"06_Embedded_Bare_Metal\14_Aerospace\01_DO_178C.md","35","No","No","No","No","No","Yes"
"20_Industrial_Case_Studies\46_Satellite_Communication\01_Satellite_Ground_System.md","35","No","No","No","No","No","Yes"
"07_Development_Methodology\07_Code_Review\01_C_Code_Review_Guide.md","35","No","No","No","No","No","Yes"
"07_Development_Methodology\08_Documentation\01_Technical_Writing_for_C.md","35","No","No","No","No","No","Yes"
"07_Development_Methodology\05_Performance_Optimization\01_Profiling_Methodology.md","35","No","No","No","No","No","Yes"
"07_Development_Methodology\06_Security_Development\01_Secure_Coding_Practices.md","35","No","No","No","No","No","Yes"
"06_Embedded_Bare_Metal\11_Industrial_Protocols\01_Modbus_Protocol.md","35","No","No","No","No","No","Yes"
"06_Embedded_Bare_Metal\11_Industrial_Protocols\02_CAN_Bus_Programming.md","35","No","No","No","No","No","Yes"
"06_Embedded_Bare_Metal\10_FPGA\01_Soft_Core_Programming.md","35","No","No","No","No","No","Yes"
"06_Embedded_Bare_Metal\10_FPGA\02_HLS_C_Programming.md","35","No","No","No","No","No","Yes"
"06_Embedded_Bare_Metal\12_Safety_Critical\02_IEC_61508.md","35","No","No","No","No","No","Yes"
"06_Embedded_Bare_Metal\13_Medical_Devices\01_Medical_Device_Software.md","35","No","No","No","No","No","Yes"
"06_Embedded_Bare_Metal\11_Industrial_Protocols\03_Ethernet_IP.md","35","No","No","No","No","No","Yes"
"06_Embedded_Bare_Metal\12_Safety_Critical\01_ISO_26262.md","35","No","No","No","No","No","Yes"
"03_System_Technology_Domains\20_Network_Programming\02_Zero_Copy_Networking.md","35","No","No","No","No","No","Yes"
"03_System_Technology_Domains\20_Network_Programming\03_TLS_Implementation.md","35","No","No","No","No","No","Yes"
"03_System_Technology_Domains\19_Systems_Security\03_Malware_Analysis.md","35","No","No","No","No","No","Yes"
"03_System_Technology_Domains\20_Network_Programming\01_Nonblocking_IO.md","35","No","No","No","No","No","Yes"
"03_System_Technology_Domains\22_Virtualization\02_Hypervisor_Design.md","35","No","No","No","No","No","Yes"
"03_System_Technology_Domains\23_Storage_Systems\01_Distributed_Storage.md","35","No","No","No","No","No","Yes"
"03_System_Technology_Domains\21_OS_Internals\02_Kernel_Memory_Management.md","35","No","No","No","No","No","Yes"
"03_System_Technology_Domains\21_OS_Internals\03_Kernel_Networking_Stack.md","35","No","No","No","No","No","Yes"
"03_System_Technology_Domains\15_Security_Engineering\01_Exploit_Mitigations.md","35","No","No","No","No","No","Yes"
"03_System_Technology_Domains\15_Security_Engineering\02_Secure_Coding_Standards.md","35","No","No","No","No","No","Yes"
"03_System_Technology_Domains\12_Computer_Graphics\01_OpenGL_C_Integration.md","35","No","No","No","No","No","Yes"
"03_System_Technology_Domains\14_Natural_Language_Processing\01_Tokenizer_Implementation.md","35","No","No","No","No","No","Yes"
"03_System_Technology_Domains\17_Distributed_Systems\02_Distributed_Transactions.md","35","No","No","No","No","No","Yes"
"03_System_Technology_Domains\18_Systems_Performance\04_Memory_Optimization.md","35","No","No","No","No","No","Yes"
"03_System_Technology_Domains\16_High_Performance_Computing\01_MPI_Programming.md","35","No","No","No","No","No","Yes"
"03_System_Technology_Domains\17_Distributed_Systems\01_Raft_Consensus.md","35","No","No","No","No","No","Yes"
"04_Standard_Library_Frameworks\10_Serialization\01_Protocol_Buffers_C.md","35","No","No","No","No","No","Yes"
"04_Standard_Library_Frameworks\10_Serialization\02_MessagePack_C.md","35","No","No","No","No","No","Yes"
"04_Standard_Library_Frameworks\09_Containers\01_Klib_Data_Structures.md","35","No","No","No","No","No","Yes"
"04_Standard_Library_Frameworks\09_Containers\02_Glib_Data_Structures.md","35","No","No","No","No","No","Yes"
"05_C_Language_Standards\06_Standard_Evolution\01_C_Historical_Evolution.md","35","No","No","No","No","No","Yes"
"05_C_Language_Standards\06_Standard_Evolution\02_C_Standard_Committee.md","35","No","No","No","No","No","Yes"
"05_C_Language_Standards\05_C23_Standard\01_C23_New_Features.md","35","No","No","No","No","No","Yes"
"05_C_Language_Standards\05_C23_Standard\02_C23_Migration_Guide.md","35","No","No","No","No","No","Yes"
"03_System_Technology_Domains\25_Cloud_Native\01_Microservices_in_C.md","35","No","No","No","No","No","Yes"
"03_System_Technology_Domains\25_Cloud_Native\02_Kubernetes_Operators.md","35","No","No","No","No","No","Yes"
"03_System_Technology_Domains\24_Edge_Computing\01_Edge_Device_Programming.md","35","No","No","No","No","No","Yes"
"03_System_Technology_Domains\24_Edge_Computing\02_IoT_Gateway_Development.md","35","No","No","No","No","No","Yes"
"04_Standard_Library_Frameworks\07_Networking\01_libcurl_Integration.md","35","No","No","No","No","No","Yes"
"04_Standard_Library_Frameworks\08_Persistence\01_SQLite_Integration.md","35","No","No","No","No","No","Yes"
"20_Industrial_Case_Studies\24_RPC_Framework.md","35","No","No","No","No","No","Yes"
"04_Standard_Library_Frameworks\06_Test_Frameworks\01_CMocka_Testing.md","35","No","No","No","No","No","Yes"
"09_Data_Structures_Algorithms\09_Distributed_Algorithms\02_Consistent_Hashing.md","35","No","No","No","No","No","Yes"
"10_Modern_C_Development\01_Memory_Safety\01_Announcing_Ownership.md","35","No","No","No","No","No","Yes"
"09_Data_Structures_Algorithms\08_Probabilistic_Data_Structures\02_HyperLogLog.md","35","No","No","No","No","No","Yes"
"09_Data_Structures_Algorithms\08_Probabilistic_Data_Structures\03_Count_Min_Sketch.md","35","No","No","No","No","No","Yes"
"10_Modern_C_Development\03_Metaprogramming\02_C_Code_Generation.md","35","No","No","No","No","No","Yes"
"11_Performance_Engineering\03_GPU_Programming\01_CUDA_C_Basics.md","35","No","No","No","No","No","Yes"
"10_Modern_C_Development\02_Modern_Tooling\01_LLVM_Toolchain.md","35","No","No","No","No","No","Yes"
"10_Modern_C_Development\03_Metaprogramming\01_C_Preprocessor_Metaprogramming.md","35","No","No","No","No","No","Yes"
"09_Data_Structures_Algorithms\06_Mathematical_Computing\01_Arbitrary_Precision.md","35","No","No","No","No","No","Yes"
"09_Data_Structures_Algorithms\06_Mathematical_Computing\02_Linear_Algebra_Library.md","35","No","No","No","No","No","Yes"
"09_Data_Structures_Algorithms\05_Algorithm_Implementations\03_LSM_Tree.md","35","No","No","No","No","No","Yes"
"09_Data_Structures_Algorithms\05_Algorithm_Implementations\04_B_Tree_Plus.md","35","No","No","No","No","No","Yes"
"09_Data_Structures_Algorithms\07_Geometric_Algorithms\02_Collision_Detection.md","35","No","No","No","No","No","Yes"
"09_Data_Structures_Algorithms\08_Probabilistic_Data_Structures\01_Bloom_Filter.md","35","No","No","No","No","No","Yes"
"09_Data_Structures_Algorithms\06_Mathematical_Computing\03_Fourier_Transforms.md","35","No","No","No","No","No","Yes"
"09_Data_Structures_Algorithms\07_Geometric_Algorithms\01_Computational_Geometry.md","35","No","No","No","No","No","Yes"
"12_Practice_Exercises\03_Advanced_Projects\01_Database_Engine.md","35","No","No","No","No","No","Yes"
"12_Practice_Exercises\03_Advanced_Projects\02_TCPIP_Stack.md","35","No","No","No","No","No","Yes"
"12_Practice_Exercises\02_Intermediate_Projects\01_HTTP_Server.md","35","No","No","No","No","No","Yes"
"12_Practice_Exercises\02_Intermediate_Projects\02_Redis_Client.md","35","No","No","No","No","No","Yes"
"12_Practice_Exercises\04_Expert_Challenges\03_Programming_Language.md","35","No","No","No","No","No","Yes"
"20_Industrial_Case_Studies\39_Drone_Flight_Control\01_Flight_Control_System.md","35","No","No","No","No","No","Yes"
"12_Practice_Exercises\04_Expert_Challenges\01_Operating_System_Kernel.md","35","No","No","No","No","No","Yes"
"12_Practice_Exercises\04_Expert_Challenges\02_Database_System.md","35","No","No","No","No","No","Yes"
"11_Performance_Engineering\05_Profiling_Tools\02_Memory_Profiling.md","35","No","No","No","No","No","Yes"
"11_Performance_Engineering\05_Profiling_Tools\03_System_Profiling.md","35","No","No","No","No","No","Yes"
"11_Performance_Engineering\04_Benchmarking\01_Google_Benchmark.md","35","No","No","No","No","No","Yes"
"11_Performance_Engineering\05_Profiling_Tools\01_Flame_Graphs.md","35","No","No","No","No","No","Yes"
"12_Practice_Exercises\01_Beginner_Projects\01_Text_Editor.md","35","No","No","No","No","No","Yes"
"12_Practice_Exercises\01_Beginner_Projects\02_Shell_Implementation.md","35","No","No","No","No","No","Yes"
"11_Performance_Engineering\06_Energy_Efficiency\01_Green_Computing.md","35","No","No","No","No","No","Yes"
"11_Performance_Engineering\06_Energy_Efficiency\02_Battery_Optimization.md","35","No","No","No","No","No","Yes"
"09_Data_Structures_Algorithms\05_Algorithm_Implementations\02_AVL_Tree.md","35","No","No","No","No","No","Yes"
"20_Industrial_Case_Studies\42_Digital_Signal_Processor\01_DSP_Algorithms.md","35","No","No","No","No","No","Yes"
"20_Industrial_Case_Studies\41_Neural_Network_Inference\01_NN_Inference_Engine.md","35","No","No","No","No","No","Yes"
"07_Development_Methodology\12_Team_Collaboration\02_Open_Source_Governance.md","35","No","No","No","No","No","Yes"
"20_Industrial_Case_Studies\43_Virtual_Reality\01_VR_Rendering_Engine.md","35","No","No","No","No","No","Yes"
"08_Toolchain_Ecosystem\06_Debuggers\01_GDB_Advanced_Techniques.md","35","No","No","No","No","No","Yes"
"08_Toolchain_Ecosystem\07_Build_Systems\01_Meson_Build_System.md","35","No","No","No","No","No","Yes"
"20_Industrial_Case_Studies\40_Robotic_Arm\01_Robot_Kinematics.md","35","No","No","No","No","No","Yes"
"08_Toolchain_Ecosystem\05_Static_Analyzers\01_Clang_Static_Analyzer.md","35","No","No","No","No","No","Yes"
"07_Development_Methodology\10_Continuous_Integration\01_CMake_CI_CD.md","35","No","No","No","No","No","Yes"
"07_Development_Methodology\10_Continuous_Integration\02_Docker_for_C.md","35","No","No","No","No","No","Yes"
"07_Development_Methodology\09_Legacy_Code\01_Refactoring_C_Code.md","35","No","No","No","No","No","Yes"
"07_Development_Methodology\09_Legacy_Code\02_Working_with_Legacy_Systems.md","35","No","No","No","No","No","Yes"
"07_Development_Methodology\11_Documentation_Standards\02_Architecture_Documentation.md","35","No","No","No","No","No","Yes"
"07_Development_Methodology\12_Team_Collaboration\01_Git_Workflows.md","35","No","No","No","No","No","Yes"
"07_Development_Methodology\10_Continuous_Integration\03_Quality_Gates.md","35","No","No","No","No","No","Yes"
"07_Development_Methodology\11_Documentation_Standards\01_C_API_Documentation.md","35","No","No","No","No","No","Yes"
"09_Cross_Platform_Development\04_Mobile_Platforms\01_Android_NDK.md","35","No","No","No","No","No","Yes"
"09_Cross_Platform_Development\05_Web_Assembly\01_C_to_WASM.md","35","No","No","No","No","No","Yes"
"08_Toolchain_Ecosystem\11_Code_Generation\02_AST_Transformation.md","35","No","No","No","No","No","Yes"
"20_Industrial_Case_Studies\38_Autonomous_Driving\01_Autonomous_Driving_Platform.md","35","No","No","No","No","No","Yes"
"09_Data_Structures_Algorithms\04_Advanced_Algorithms\03_Numerical_Algorithms.md","35","No","No","No","No","No","Yes"
"09_Data_Structures_Algorithms\05_Algorithm_Implementations\01_Red_Black_Tree.md","35","No","No","No","No","No","Yes"
"09_Data_Structures_Algorithms\04_Advanced_Algorithms\01_Graph_Algorithms.md","35","No","No","No","No","No","Yes"
"09_Data_Structures_Algorithms\04_Advanced_Algorithms\02_String_Algorithms.md","35","No","No","No","No","No","Yes"
"08_Toolchain_Ecosystem\08_Testing_Tools\02_Fuzzing_with_LibFuzzer.md","35","No","No","No","No","No","Yes"
"08_Toolchain_Ecosystem\09_Package_Managers\01_vcpkg_Usage.md","35","No","No","No","No","No","Yes"
"08_Toolchain_Ecosystem\07_Build_Systems\02_Bazel_for_C.md","35","No","No","No","No","No","Yes"
"08_Toolchain_Ecosystem\08_Testing_Tools\01_GTest_Integration.md","35","No","No","No","No","No","Yes"
"08_Toolchain_Ecosystem\10_IDE_Integration\02_CLion_C_Projects.md","35","No","No","No","No","No","Yes"
"08_Toolchain_Ecosystem\11_Code_Generation\01_Annoying_Tools.md","35","No","No","No","No","No","Yes"
"08_Toolchain_Ecosystem\09_Package_Managers\02_Conan_Package_Manager.md","35","No","No","No","No","No","Yes"
"08_Toolchain_Ecosystem\10_IDE_Integration\01_VSCode_C_Development.md","35","No","No","No","No","No","Yes"
"20_Industrial_Case_Studies\27_Metrics_System.md","35","No","No","No","No","No","Yes"
"01_Core_Knowledge_System\14_Advanced_Memory\02_Memory_Debugging_Techniques.md","35","No","No","No","No","No","Yes"
"01_Core_Knowledge_System\14_Advanced_Memory\03_Memory_Mapping_Techniques.md","35","No","No","No","No","No","Yes"
"01_Core_Knowledge_System\26_Portability\01_Portable_C_Code.md","35","No","No","No","No","No","Yes"
"01_Core_Knowledge_System\26_Portability\02_Cross_Compilation.md","35","No","No","No","No","No","Yes"
"01_Core_Knowledge_System\20_Macros_Preprocessor\01_Advanced_Macros.md","35","No","No","No","No","No","Yes"
"20_Industrial_Case_Studies\19_Search_Engine\01_Search_Engine_Core.md","35","No","No","No","No","No","Yes"
"01_Core_Knowledge_System\24_Code_Quality\02_Static_Analysis_Tools.md","35","No","No","No","No","No","Yes"
"01_Core_Knowledge_System\25_C_Interfacing\01_Calling_Conventions.md","35","No","No","No","No","No","Yes"
"01_Core_Knowledge_System\19_Advanced_Pointers\02_Pointer_Aliasing.md","35","No","No","No","No","No","Yes"
"01_Core_Knowledge_System\25_C_Interfacing\02_FFI_with_Other_Languages.md","35","No","No","No","No","No","Yes"
"02_Formal_Semantics_and_Physics\11_Logic_and_Proof\03_Model_Checking.md","35","No","No","No","No","No","Yes"
"02_Formal_Semantics_and_Physics\11_Logic_and_Proof\02_Separation_Logic.md","35","No","No","No","No","No","Yes"
"01_Core_Knowledge_System\18_Bit_Manipulation\02_Endianness_Packing.md","35","No","No","No","No","No","Yes"
"01_Core_Knowledge_System\22_Testing_Techniques\01_Unit_Testing_C.md","35","No","No","No","No","No","Yes"
"02_Formal_Semantics_and_Physics\12_Category_Theory\02_Monads_and_Computation.md","35","No","No","No","No","No","Yes"
"01_Core_Knowledge_System\21_Error_Handling\01_Error_Handling_Patterns.md","35","No","No","No","No","No","Yes"
"01_Core_Knowledge_System\20_Macros_Preprocessor\02_Header_Guards.md","35","No","No","No","No","No","Yes"
"01_Core_Knowledge_System\27_Internationalization\01_Unicode_in_C.md","35","No","No","No","No","No","Yes"
"02_Formal_Semantics_and_Physics\11_Logic_and_Proof\01_Hoare_Logic.md","35","No","No","No","No","No","Yes"
"01_Core_Knowledge_System\21_Error_Handling\02_Resource_Management.md","35","No","No","No","No","No","Yes"
"20_Industrial_Case_Studies\30_WAF\01_Web_Application_Firewall.md","35","No","No","No","No","No","Yes"
"20_Industrial_Case_Studies\31_Identity_Management\01_Authentication_System.md","35","No","No","No","No","No","Yes"
"02_Formal_Semantics_and_Physics\09_Type_Theory\01_Hindley_Milner_Type_Inference.md","35","No","No","No","No","No","Yes"
"02_Formal_Semantics_and_Physics\10_Complexity_Theory\01_Computational_Complexity.md","35","No","No","No","No","No","Yes"
"02_Formal_Semantics_and_Physics\09_Type_Theory\02_Dependent_Types_Basics.md","35","No","No","No","No","No","Yes"
"01_Core_Knowledge_System\17_Numerical_Computing\02_Numerical_Stability.md","35","No","No","No","No","No","Yes"
"01_Core_Knowledge_System\18_Bit_Manipulation\01_Bit_Hacks.md","35","No","No","No","No","No","Yes"
"01_Core_Knowledge_System\17_Numerical_Computing\01_Floating_Point_Arithmetic.md","35","No","No","No","No","No","Yes"
"20_Industrial_Case_Studies\32_Video_Streaming\01_Video_Streaming_Server.md","35","No","No","No","No","No","Yes"
"01_Core_Knowledge_System\16_Linked_Data_Structures\02_Tree_Variants.md","35","No","No","No","No","No","Yes"
"01_Core_Knowledge_System\16_Linked_Data_Structures\01_Linked_List_Variants.md","35","No","No","No","No","No","Yes"
"01_Core_Knowledge_System\19_Advanced_Pointers\01_Function_Pointers.md","35","No","No","No","No","No","Yes"
"20_Industrial_Case_Studies\21_Message_Queue\01_Message_Queue_Implementation.md","35","No","No","No","No","No","Yes"
"01_Core_Knowledge_System\15_Compiler_Basics\01_Lexical_Analysis.md","35","No","No","No","No","No","Yes"
"01_Core_Knowledge_System\15_Compiler_Basics\02_Syntactic_Analysis.md","35","No","No","No","No","No","Yes"
"20_Industrial_Case_Studies\29_DDOS_Protection\01_DDOS_Mitigation_System.md","35","No","No","No","No","No","Yes"
"02_Formal_Semantics_and_Physics\10_Complexity_Theory\02_Algorithmic_Lower_Bounds.md","35","No","No","No","No","No","Yes"
"20_Industrial_Case_Studies\26_Service_Mesh\01_Service_Mesh_Data_Plane.md","35","No","No","No","No","No","Yes"
"20_Industrial_Case_Studies\22_Time_Series_DB\01_Time_Series_Engine.md","35","No","No","No","No","No","Yes"
"20_Industrial_Case_Studies\25_Load_Balancer\01_Load_Balancer_Implementation.md","35","No","No","No","No","No","Yes"
"01_Core_Knowledge_System\12_Advanced_Topics\04_Inter_Process_Communication.md","35","No","No","No","No","No","Yes"
"01_Core_Knowledge_System\28_Library_Design\01_Library_ABI_Stability.md","35","No","No","No","No","No","Yes"
"01_Core_Knowledge_System\12_Advanced_Topics\03_Signal_Handling.md","35","No","No","No","No","No","Yes"
"01_Core_Knowledge_System\28_Library_Design\02_Versioning_Strategies.md","35","No","No","No","No","No","Yes"
"01_Core_Knowledge_System\12_Advanced_Topics\02_Atomic_Operations_Deep.md","35","No","No","No","No","No","Yes"
"01_Core_Knowledge_System\13_Design_Patterns\03_C_Memory_Patterns.md","35","No","No","No","No","No","Yes"
"01_Core_Knowledge_System\27_Internationalization\02_Text_Processing.md","35","No","No","No","No","No","Yes"
"01_Core_Knowledge_System\13_Design_Patterns\02_C_Concurrency_Patterns.md","35","No","No","No","No","No","Yes"
"01_Core_Knowledge_System\27_Internationalization\03_Date_Time_Locale.md","35","No","No","No","No","No","Yes"
"01_Core_Knowledge_System\13_Design_Patterns\01_C_OOP_Patterns.md","35","No","No","No","No","No","Yes"
"20_Industrial_Case_Studies\28_Tracing_System.md","35","No","No","No","No","No","Yes"
"01_Core_Knowledge_System\29_Build_Systems\01_Makefiles.md","35","No","No","No","No","No","Yes"
"01_Core_Knowledge_System\23_Documentation\02_API_Design.md","35","No","No","No","No","No","Yes"
"02_Formal_Semantics_and_Physics\12_Category_Theory\01_Category_Theory_Basics.md","35","No","No","No","No","No","Yes"
"01_Core_Knowledge_System\29_Build_Systems\03_Compilation_Model.md","35","No","No","No","No","No","Yes"
"01_Core_Knowledge_System\12_Advanced_Topics\01_Volatile_And_Memory_Barriers.md","35","No","No","No","No","No","Yes"
"20_Industrial_Case_Studies\34_Game_Engine\01_Game_Engine_Architecture.md","35","No","No","No","No","No","Yes"
"20_Industrial_Case_Studies\09_Language_Server\01_Clangd_Implementation.md","35","No","No","No","No","No","Yes"
"20_Industrial_Case_Studies\33_CDN\01_CDN_Edge_Server.md","35","No","No","No","No","No","Yes"
"20_Industrial_Case_Studies\37_Quantum_Computing_Simulator.md","35","No","No","No","No","No","Yes"
"01_Core_Knowledge_System\22_Testing_Techniques\02_Integration_Testing.md","35","No","No","No","No","No","Yes"
"01_Core_Knowledge_System\23_Documentation\01_Code_Comments.md","35","No","No","No","No","No","Yes"
"01_Core_Knowledge_System\24_Code_Quality\01_Code_Metrics.md","35","No","No","No","No","No","Yes"
"02_Formal_Semantics_and_Physics\14_Information_Theory\01_Information_Theory_Basics.md","35","No","No","No","No","No","Yes"
"20_Industrial_Case_Studies\36_Mobile_OS\01_Mobile_OS_Kernel.md","35","No","No","No","No","No","Yes"
"20_Industrial_Case_Studies\35_Browser_Engine\01_Browser_Rendering_Engine.md","35","No","No","No","No","No","Yes"
"02_Formal_Semantics_and_Physics\14_Information_Theory\02_Error_Correcting_Codes.md","35","No","No","No","No","No","Yes"
"01_Core_Knowledge_System\14_Advanced_Memory\01_Custom_Memory_Allocators.md","35","No","No","No","No","No","Yes"
"20_Industrial_Case_Studies\10_File_System\01_FUSE_File_System.md","35","No","No","No","No","No","Yes"
"20_Industrial_Case_Studies\14_Compiler_Backend\01_LLVMC_Backend.md","35","No","No","No","No","No","Yes"
"20_Industrial_Case_Studies\13_Emulator\01_CPU_Emulator.md","35","No","No","No","No","No","Yes"
"20_Industrial_Case_Studies\18_Blockchain\01_Blockchain_Core.md","35","No","No","No","No","No","Yes"
"01_Core_Knowledge_System\29_Build_Systems\02_CMake_Basics.md","35","No","No","No","No","No","Yes"
"02_Formal_Semantics_and_Physics\13_Lambda_Calculus\01_Lambda_Calculus_Basics.md","35","No","No","No","No","No","Yes"
"03_System_Technology_Domains\12_Rust_Interop\01_Rust_C_Interoperability.md","44","No","No","No","No","No","Yes"
"02_Formal_Semantics_and_Physics\10_Lean4_Compilation\A1_Martin_Lof_Type_Theory.md","44","No","No","No","No","No","Yes"
"01_Core_Knowledge_System\04_Standard_Library_Layer\Standard_Library_Internals\README.md","46","No","No","No","No","No","Yes"
"02_Formal_Semantics_and_Physics\11_Category_Theory_Computing\01_Category_Theory_for_Programmers.md","47","No","No","No","No","No","Yes"
"03_System_Technology_Domains\11_Embedded_Systems\01_Embedded_C_Programming_Principles.md","47","No","No","No","No","No","Yes"
"04_Industrial_Scenarios\Classic_C_Projects\README.md","48","No","No","No","No","No","Yes"
"03_System_Technology_Domains\14_Concurrency_Parallelism\README.md","49","Yes","No","No","No","No","Yes"
"02_Formal_Semantics_and_Physics\10_Lean4_Compilation\lean_examples\README.md","72","No","No","No","No","No","No"
"03_System_Technology_Domains\03_OS_Internals\04_Real_Time_Scheduling_Deep_Dive.md","80","No","No","No","No","No","No"
"03_System_Technology_Domains\06_High_Performance_Server\03_High_Performance_Server_Case_Study.md","81","No","No","No","No","No","No"
"02_Formal_Semantics_and_Physics\10_Lean4_Compilation\G1_Mathlib4_Typeclass.md","85","No","No","No","Yes","No","No"
"02_Formal_Semantics_and_Physics\10_Lean4_Compilation\A2_CoC_Proof_Erasure.md","85","No","No","No","No","No","No"
"02_Formal_Semantics_and_Physics\10_Lean4_Compilation\G2_Extraction_Verified_Code.md","88","No","No","No","No","No","No"
"02_Formal_Semantics_and_Physics\10_Lean4_Compilation\H3_Cubical_Type_Theory.md","98","No","No","No","Yes","No","No"
"02_Formal_Semantics_and_Physics\10_Lean4_Compilation\H1_Quotient_Types.md","99","No","No","No","Yes","No","No"
"06_Thinking_Representation\02_Comparison_Matrices\06_Compiler_Options_Matrix.md","173","No","Yes","No","No","No","No"
"02_Formal_Semantics_and_Physics\13_Hardware_Description\04_HLS_with_C\README.md","176","No","Yes","No","No","No","No"
"06_Thinking_Representation\06_Index\README.md","177","No","Yes","No","No","No","No"
"06_Thinking_Representation\02_Comparison_Matrices\01_Pointer_Types_Matrix.md","179","No","Yes","No","No","No","No"
"06_Thinking_Representation\02_Comparison_Matrices\05_Compiler_Optimization_Matrix.md","198","No","Yes","No","No","No","No"
"06_Thinking_Representation\02_Comparison_Matrices\04_Memory_Allocation_Matrix.md","203","No","Yes","No","No","No","No"
"01_Core_Knowledge_System\09_Safety_Standards\MISRA_C_2023\00_MISRA_C_2023_Index.md","206","No","Yes","No","No","No","No"
"02_Formal_Semantics_and_Physics\11_CompCert_Verification\06_Coq_Examples\README.md","206","No","Yes","No","No","No","No"
"04_Industrial_Scenarios\16_MIT_6S081_Labs\README.md","212","No","Yes","No","No","No","No"
"02_Formal_Semantics_and_Physics\10_ISA_Machine_Code\08_RISCV_CPU_Complete\README.md","214","No","Yes","No","No","No","No"
"04_Industrial_Scenarios\17_CMU_15_213_Labs\README.md","216","No","Yes","No","No","No","No"
"05_Deep_Structure_MetaPhysics\06_TLA_Plus\README.md","218","No","Yes","No","No","No","No"
"04_Industrial_Scenarios\15_Industrial_Communication\Data_Link_Layer\README.md","218","No","Yes","No","No","No","No"
"17_Ada_SPARK\README.md","220","No","Yes","No","No","No","No"
"02_Formal_Semantics_and_Physics\18_FPGA_Labs\xdc\README.md","221","No","Yes","No","No","No","No"
"02_Formal_Semantics_and_Physics\14_C_to_Hardware_Mapping\README.md","221","No","Yes","No","No","No","No"
"02_Formal_Semantics_and_Physics\10_ISA_Machine_Code\09_Interrupt_Hardware\README.md","222","No","Yes","No","No","No","No"
"04_Industrial_Scenarios\15_Industrial_Communication\Physical_Layer\README.md","223","No","Yes","No","No","No","No"
"02_Formal_Semantics_and_Physics\16_Performance_Analysis_Hardware\README.md","224","No","Yes","No","No","No","No"
"01_Core_Knowledge_System\09_Safety_Standards\UPDATE_2026_03_18.md","225","No","Yes","No","No","No","No"
"02_Formal_Semantics_and_Physics\20_Industrial_Case_Studies\README.md","227","No","Yes","No","No","No","No"
"02_Formal_Semantics_and_Physics\10_ISA_Machine_Code\10_IO_System\README.md","231","No","Yes","No","No","No","No"
"14_Video_Tutorials\04_Video_Production_Guide\README.md","232","No","Yes","No","No","No","No"
"01_Core_Knowledge_System\09_Safety_Standards\README.md","233","No","Yes","No","No","No","No"
"03_System_Technology_Domains\17_Graphics_Rendering\README.md","235","No","Yes","No","No","No","No"
"03_System_Technology_Domains\06_Security_Boot\README.md","235","No","Yes","No","No","No","No"
"00_VERSION_TRACKING\reports\c2y_report_20260319.md","236","No","Yes","No","No","No","No"
"02_Formal_Semantics_and_Physics\18_FPGA_Labs\code\lab3\README.md","237","No","Yes","No","No","No","No"
"02_Formal_Semantics_and_Physics\18_FPGA_Labs\README.md","237","Yes","Yes","No","No","No","No"
"16_Embedded_AI_Agents\04_C_Implementation_Guide\README.md","237","No","Yes","No","No","No","No"
"15_Memory_Safe_Languages\02_Migration_Strategies\README.md","237","No","Yes","No","No","No","No"
"02_Formal_Semantics_and_Physics\18_FPGA_Labs\code\lab4\README.md","238","No","Yes","No","No","No","No"
"16_Embedded_AI_Agents\06_C_Frameworks\README.md","239","No","Yes","No","No","No","No"
"16_Embedded_AI_Agents\07_Hardware_Acceleration\README.md","239","No","Yes","No","No","No","No"
"16_Embedded_AI_Agents\03_AI_Agent_Runtime\README.md","239","No","Yes","No","No","No","No"
"09_Data_Structures_Algorithms\02_Fundamental_Algorithms\README.md","239","No","Yes","No","No","No","No"
"15_Memory_Safe_Languages\04_Decision_Frameworks\README.md","239","No","Yes","No","No","No","No"
"15_Memory_Safe_Languages\README.md","239","No","Yes","No","No","No","No"
"05_Deep_Structure_MetaPhysics\05_Computational_Complexity\README.md","240","No","Yes","No","No","No","No"
"02_Formal_Semantics_and_Physics\18_FPGA_Labs\code\lab5\README.md","240","No","Yes","No","No","No","No"
"15_Memory_Safe_Languages\03_Industry_Cases\README.md","240","No","Yes","No","No","No","No"
"16_Embedded_AI_Agents\01_TinyML_Fundamentals\README.md","240","No","Yes","No","No","No","No"
"16_Embedded_AI_Agents\02_LLMs_on_Edge\README.md","240","No","Yes","No","No","No","No"
"16_Embedded_AI_Agents\09_Security_Reliability\README.md","240","No","Yes","No","No","No","No"
"17_Ada_SPARK\02_SPARK_Verification\README.md","240","No","Yes","No","No","No","No"
"01_Core_Knowledge_System\09_Safety_Standards\MISRA_C_2023\tools\docs\README.md","242","No","Yes","No","No","No","No"
"06_Thinking_Representation\01_Mind_Maps\01_Knowledge_System_MindMap.md","244","No","Yes","No","No","No","No"
"02_Formal_Semantics_and_Physics\18_FPGA_Labs\code\lab6\README.md","245","No","Yes","No","No","No","No"
"01_Core_Knowledge_System\09_Safety_Standards\MISRA_C_2025\tools\docs\README.md","249","No","Yes","No","No","No","No"
"05_Deep_Structure_MetaPhysics\06_TLA_Plus\01_TLA_Introduction.md","250","No","Yes","No","No","No","No"
"01_Core_Knowledge_System\08_Application_Domains\README.md","250","Yes","Yes","No","No","No","No"
"06_Thinking_Representation\02_Multidimensional_Matrix\02_Core_Concepts_Comprehensive_Matrix.md","252","No","Yes","No","No","No","No"
"06_Thinking_Representation\09_Bloom_Taxonomy\README.md","255","No","Yes","No","No","No","No"
"02_Formal_Semantics_and_Physics\10_ISA_Machine_Code\06_Control_Unit_Design\README.md","255","No","Yes","No","No","No","No"
"02_Formal_Semantics_and_Physics\18_FPGA_Labs\code\lab1\README.md","257","No","Yes","No","No","No","No"
"09_Data_Structures_Algorithms\01_Fundamental_Data_Structures\README.md","257","No","Yes","No","No","No","No"
"01_Core_Knowledge_System\02_Core_Layer\README.md","258","Yes","Yes","No","No","No","No"
"19_Real_Time_Systems\README.md","259","No","Yes","No","No","No","No"
"02_Formal_Semantics_and_Physics\18_FPGA_Labs\code\lab2\README.md","261","No","Yes","No","No","No","No"
"17_Ada_SPARK\01_Ada_Basics\README.md","263","No","Yes","No","No","No","No"
"17_Ada_SPARK\05_Case_Studies\README.md","263","No","Yes","No","No","No","No"
"11_Machine_Learning_C\README.md","265","No","Yes","No","No","No","No"
"17_Ada_SPARK\07_Decision_Trees\README.md","266","No","Yes","No","No","No","No"
"14_Video_Tutorials\README.md","266","No","Yes","No","No","No","No"
"17_Ada_SPARK\03_Ada_C_Interoperability\README.md","266","No","Yes","No","No","No","No"
"16_Embedded_AI_Agents\05_Case_Studies\README.md","266","No","Yes","No","No","No","No"
"17_Ada_SPARK\04_Safety_Standards\README.md","266","No","Yes","No","No","No","No"
"17_Ada_SPARK\08_Comparison_Matrices\README.md","267","No","Yes","No","No","No","No"
"16_Embedded_AI_Agents\08_Real_Time_AI\README.md","268","No","Yes","No","No","No","No"
"02_Formal_Semantics_and_Physics\18_FPGA_Labs\reports\README.md","268","No","Yes","No","No","No","No"
"01_Core_Knowledge_System\09_Safety_Standards\MISRA_C_2023\tools\docs\AUDIT_LOG.md","269","No","Yes","No","No","No","No"
"18_Robotics_Physical_Control\README.md","269","No","Yes","No","No","No","No"
"02_Formal_Semantics_and_Physics\19_Hardware_Debugging\README.md","274","No","Yes","No","No","No","No"
"17_Ada_SPARK\06_Migration_from_C\README.md","274","No","Yes","No","No","No","No"
"03_System_Technology_Domains\11_In_Memory_Database\README.md","276","No","Yes","No","No","No","No"
"01_Core_Knowledge_System\09_Safety_Standards\MISRA_C_2023\tools\docs\MISRA_COMPLIANCE.md","277","No","Yes","No","No","No","No"
"06_Thinking_Representation\01_Decision_Trees\13_Debugging_Master_Tree.md","278","No","Yes","No","No","No","No"
"01_Core_Knowledge_System\09_Safety_Standards\MISRA_C_2025\tools\docs\MISRA_COMPLIANCE.md","279","No","Yes","No","No","No","No"
"01_Core_Knowledge_System\09_Safety_Standards\MISRA_C_2023\tools\docs\DEVIATIONS.md","283","No","Yes","No","No","No","No"
"06_Thinking_Representation\10_Concept_Maps\README.md","284","No","Yes","No","No","No","No"
"01_Core_Knowledge_System\09_Safety_Standards\MISRA_C_2023\tools\README.md","284","No","Yes","No","No","No","No"
"00_VERSION_TRACKING\reports\README.md","284","No","Yes","No","No","No","No"
"16_Embedded_AI_Agents\README.md","289","No","Yes","No","No","No","No"
"17_Ada_SPARK\05_Case_Studies\01_SPARK_Safe_Stack.md","293","No","Yes","No","No","No","No"
"01_Core_Knowledge_System\09_Safety_Standards\MISRA_C_2025\tools\docs\AUDIT_LOG.md","294","No","Yes","No","No","No","No"
"09_Data_Structures_Algorithms\??????? (Data Structures & Algorithms).md","298","No","Yes","No","No","No","No"
"07_Modern_Toolchain\03_CI_CD_DevOps\03_GitLab_CI_C.md","303","No","Yes","No","No","No","No"
"01_Core_Knowledge_System\09_Safety_Standards\MISRA_C_2025\MISRA_C_2025_Changes_Summary.md","306","Yes","Yes","No","No","No","No"
"06_Thinking_Representation\01_Decision_Trees\11_Security_Decision_Framework.md","308","No","Yes","No","No","No","No"
"05_Deep_Structure_MetaPhysics\README.md","310","Yes","Yes","No","No","No","No"
"01_Core_Knowledge_System\09_Safety_Standards\MISRA_C_2025\00_MISRA_C_2025_Index.md","311","No","Yes","No","No","No","No"
"04_Industrial_Scenarios\README.md","317","Yes","Yes","No","No","No","No"
"05_Deep_Structure_MetaPhysics\05_Lean_4\README.md","318","No","Yes","No","No","No","No"
"06_Thinking_Representation\00_GLOBAL_ARCHITECTURE_MAP.md","320","No","Yes","No","No","No","No"
"01_Core_Knowledge_System\04_Standard_Library_Layer\README.md","320","Yes","Yes","No","No","No","No"
"07_Modern_Toolchain\04_Package_Management\04_Dependency_Management_Best_Practices.md","322","No","Yes","No","No","No","No"
"06_Thinking_Representation\09_State_Machines\01_Core_Concept_State_Machines.md","325","No","Yes","No","No","No","No"
"02_Formal_Semantics_and_Physics\18_FPGA_Labs\code\README.md","327","Yes","Yes","No","No","No","No"
"10_WebAssembly_C\README.md","334","No","Yes","No","No","No","No"
"06_Thinking_Representation\00_MULTI_DIMENSIONAL_FRAMEWORK.md","340","No","Yes","No","No","No","No"
"06_Thinking_Representation\README.md","340","Yes","Yes","No","No","No","No"
"06_Thinking_Representation\01_Decision_Trees\12_Performance_Optimization_Tree.md","341","No","Yes","No","No","No","No"
"06_Thinking_Representation\10_Concept_Maps\02_Pointer_Concept_Map.md","344","No","Yes","No","No","No","No"
"Zig\Zig_Compiler_Internals.md","345","No","Yes","No","No","Yes","No"
"01_Core_Knowledge_System\05_Engineering\01_Build_System\01_Makefile.md","347","No","Yes","No","No","No","No"
"06_Thinking_Representation\07_Knowledge_Graph\06_Concept_Relationship_Network.md","347","No","Yes","No","No","No","No"
"TOOLCHAIN_IMPROVEMENT_SUMMARY.md","348","No","Yes","No","No","No","No"
"Zig\Zig_Master_Guide.md","351","No","Yes","No","No","No","No"
"12_Practice_Exercises\README.md","351","Yes","Yes","No","No","No","No"
"06_Thinking_Representation\10_Concept_Maps\03_Memory_Model_Concept_Map.md","355","No","Yes","No","No","No","No"
"06_Thinking_Representation\10_Concept_Maps\04_Type_System_Concept_Map.md","355","No","Yes","No","No","No","No"
"06_Thinking_Representation\09_Bloom_Taxonomy\06_Evaluation_Rubrics.md","357","No","Yes","No","No","No","No"
"05_Deep_Structure_MetaPhysics\05_Lean_4\02_Dependent_Type_Theory.md","358","No","Yes","No","No","No","No"
"03_System_Technology_Domains\README.md","361","Yes","Yes","No","No","No","No"
"06_Thinking_Representation\03_Mind_Maps\README.md","362","No","Yes","No","No","No","No"
"00_VERSION_TRACKING\MISRA_C_2025_Update_Plan.md","367","No","Yes","No","No","No","No"
"08_Zig_C_Connection\07_Real_World_Migration_Cases\README.md","367","No","Yes","No","No","No","No"
"01_Core_Knowledge_System\README.md","370","Yes","Yes","No","No","No","No"
"06_Thinking_Representation\10_Concept_Maps\01_Concept_Mapping_Guide.md","372","No","Yes","No","No","No","No"
"02_Formal_Semantics_and_Physics\README.md","373","Yes","Yes","No","No","No","No"
"08_Zig_C_Connection\05_Migration_Methodology\03_Performance_Comparison_Framework.md","374","Yes","Yes","No","No","No","No"
"00_VERSION_TRACKING\C_Standards_Roadmap.md","376","Yes","Yes","No","No","No","No"
"07_Modern_Toolchain\01_IDE_Editors\06_IDE_Comparison_Matrix.md","382","No","Yes","No","No","No","No"
"06_Thinking_Representation\06_Index\01_Core_Concepts_Index.md","385","No","Yes","No","No","No","No"
"08_Zig_C_Connection\README.md","387","Yes","Yes","No","No","No","No"
"06_Thinking_Representation\03_Decision_Trees\01_Learning_Path_Decision_Tree.md","391","No","Yes","No","No","No","No"
"06_Thinking_Representation\05_Concept_Mappings\05_C_Language_Knowledge_Graph.md","396","No","Yes","No","No","No","No"
"05_Deep_Structure_MetaPhysics\05_Lean_4\04_C_Verification_Lean.md","398","No","Yes","No","No","No","No"
"00_VERSION_TRACKING\CISA_CRA_Compliance_2026.md","399","Yes","Yes","No","No","No","No"
"15_Memory_Safe_Languages\01_Rust_vs_C\README.md","399","No","Yes","No","No","No","No"
"08_Zig_C_Connection\05_Migration_Methodology\02_Safety_Improvement_Metrics.md","402","Yes","Yes","No","No","No","No"
"06_Thinking_Representation\01_Decision_Trees\04_Formal_Proof_Decision_Tree.md","405","No","Yes","No","No","No","No"
"06_Thinking_Representation\05_Concept_Mappings\07_Topic_Dependency_Graph.md","416","No","Yes","No","No","No","No"
"17_Ada_SPARK\05_Case_Studies\02_SPARK_Bounded_Buffer.md","420","No","Yes","No","No","No","No"
"07_Modern_Toolchain\README.md","420","No","Yes","No","No","No","No"
"05_Deep_Structure_MetaPhysics\03_Homotopy_Type_Theory.md","422","No","Yes","No","No","Yes","No"
"00_VERSION_TRACKING\Expansion_Summary_2026-03-14.md","429","Yes","Yes","No","No","No","No"
"17_Ada_SPARK\04_Safety_Standards\01_DO_178C_with_Ada.md","433","No","Yes","No","No","No","No"
"08_Zig_C_Connection\01_Type_System_Mapping\03_Function_Pointer_Compatibility.md","434","No","Yes","No","No","No","No"
"06_Thinking_Representation\01_Decision_Trees\10_Compilation_Error_Diagnosis_Tree.md","437","No","Yes","No","No","No","No"
"Zig\decision_trees\README.md","444","No","Yes","No","No","No","No"
"05_Deep_Structure_MetaPhysics\02_Algebraic_Topology\03_Homotopy_Type_Theory.md","450","Yes","Yes","No","No","No","No"
"07_Modern_Toolchain\01_IDE_Editors\04_Zed_Editor.md","453","No","Yes","No","No","No","No"
"Zig\decision_trees\Learning_Path_Decision_Tree.md","455","No","Yes","No","No","No","No"
"17_Ada_SPARK\02_SPARK_Verification\01_SPARK_Overview.md","458","No","Yes","No","No","No","No"
"07_Modern_Toolchain\01_IDE_Editors\05_Emacs_Config.md","460","No","Yes","No","No","No","No"
"08_Zig_C_Connection\04_Translation_Validation\03_Semantic_Preservation_Proofs.md","460","Yes","Yes","No","No","No","No"
"KNOWLEDGE_GRAPH.md","486","No","Yes","No","No","No","No"
"17_Ada_SPARK\04_Safety_Standards\02_EN_50128.md","494","No","Yes","No","No","No","No"
"06_Thinking_Representation\09_Bloom_Taxonomy\01_Bloom_Overview.md","500","No","Yes","No","No","No","No"
"06_Thinking_Representation\05_Concept_Mappings\06_Standards_Mapping.md","503","No","Yes","No","No","No","No"
"05_Deep_Structure_MetaPhysics\05_Lean_4\03_Tactics_Proofs.md","503","No","Yes","No","No","No","No"
"06_Thinking_Representation\10_Concept_Maps\07_Pointer_Arithmetic_Concept_Map.md","503","No","Yes","No","No","No","No"
"06_Thinking_Representation\10_Concept_Maps\05_Concurrency_Concept_Map.md","506","No","Yes","No","No","No","No"
"17_Ada_SPARK\02_SPARK_Verification\02_Proof_Techniques.md","520","No","Yes","No","No","No","No"
"00_VERSION_TRACKING\Zig_Roadmap_Tracking.md","521","Yes","Yes","No","No","No","No"
"Zig\formal_models\Core_Concepts_Definitions.md","523","No","Yes","No","No","No","No"
"06_Thinking_Representation\03_Decision_Trees\02_Learning_Path_Master_Tree.md","526","No","Yes","No","No","No","No"
"07_Modern_Toolchain\03_CI_CD_DevOps\01_GitHub_Actions_C.md","533","No","Yes","No","No","No","No"
"06_Thinking_Representation\07_Knowledge_Graph\02_Learning_Paths.md","541","No","Yes","No","No","No","No"
"07_Modern_Toolchain\01_IDE_Editors\02_Neovim_Modern.md","547","No","Yes","No","No","No","No"
"Zig\matrices\Language_Comparison_Matrix.md","554","No","Yes","No","No","Yes","No"
"Zig\formal_models\README.md","562","No","Yes","No","No","No","No"
"06_Thinking_Representation\05_Concept_Mappings\02_Compiler_Phases_Map.md","565","No","Yes","No","No","No","No"
"17_Ada_SPARK\01_Ada_Basics\04_Exceptions_Contracts.md","567","No","Yes","No","No","No","No"
"05_Deep_Structure_MetaPhysics\01_Formal_Semantics\06_Operational_Semantics_Formal.md","582","Yes","Yes","No","No","No","No"
"Zig\visualizations\Zig_Knowledge_MindMap.md","590","No","Yes","No","No","No","No"
"Zig\2026_latest\README.md","590","No","Yes","No","No","No","No"
"05_Deep_Structure_MetaPhysics\01_Complexity_Classes.md","595","No","Yes","No","No","No","No"
"Zig\visualizations\README.md","597","No","Yes","No","No","No","No"
"Zig\Zig_Design_Patterns.md","600","No","Yes","No","No","No","No"
"07_Modern_Toolchain\04_Package_Management\01_Conan_Package_Manager.md","609","No","Yes","No","No","No","No"
"05_Deep_Structure_MetaPhysics\05_Type_Semantics.md","610","No","Yes","No","No","No","No"
"06_Thinking_Representation\10_Concept_Maps\09_Memory_Allocation_Concept_Map.md","613","No","Yes","No","No","No","No"
"17_Ada_SPARK\07_Decision_Trees\01_Ada_Task_Scheduling_Debug.md","613","No","Yes","No","No","No","No"
"Zig\Zig_Network_Programming.md","627","No","Yes","No","No","No","No"
"05_Deep_Structure_MetaPhysics\01_Formal_Semantics\04_Mathematical_Foundations.md","630","Yes","Yes","No","No","Yes","No"
"06_Thinking_Representation\10_Concept_Maps\10_Error_Handling_Concept_Map.md","631","No","Yes","No","No","No","No"
"15_Memory_Safe_Languages\01_Rust_vs_C\05_Memory_Safety_Statistics.md","634","No","Yes","No","No","No","No"
"07_Modern_Toolchain\04_Package_Management\03_xrepo_Xmake.md","642","No","Yes","No","No","No","No"
"15_Memory_Safe_Languages\01_Rust_vs_C\04_C_vs_Rust_Decision_Framework.md","656","No","Yes","No","No","No","No"
"06_Thinking_Representation\10_Concept_Maps\06_Compilation_Process_Map.md","659","No","Yes","No","No","No","No"
"06_Thinking_Representation\09_Bloom_Taxonomy\02_Memory_Level_Content.md","661","No","Yes","No","No","No","No"
"06_Thinking_Representation\01_Mind_Maps\README.md","677","Yes","Yes","No","No","No","No"
"05_Deep_Structure_MetaPhysics\01_Formal_Semantics\07_C_Language_Formal_Specification.md","684","Yes","Yes","No","No","No","No"
"05_Deep_Structure_MetaPhysics\04_Dependent_Types.md","700","No","Yes","No","No","Yes","No"
"06_Thinking_Representation\10_Concept_Maps\08_Standard_Library_Concept_Map.md","705","No","Yes","No","No","No","No"
"17_Ada_SPARK\04_Safety_Standards\03_ISO_26262_Ada.md","716","No","Yes","No","No","No","No"
"Zig\Zig_WebAssembly.md","729","No","Yes","No","No","No","No"
"14_Video_Tutorials\03_Interactive_Exercises\Online_Exercise_Platform_Spec.md","739","No","Yes","No","No","No","No"
"06_Thinking_Representation\08_Index\01_Global_Index.md","743","No","Yes","No","No","No","No"
"17_Ada_SPARK\05_Case_Studies\03_Boeing_787_DAL_A.md","750","No","Yes","No","No","No","No"
"Zig\2026_latest\Zig_2026_Roadmap.md","761","No","Yes","No","No","No","No"
"03_System_Technology_Domains\03_Unsafe_Rust_Patterns.md","764","Yes","Yes","No","No","Yes","No"
"14_Video_Tutorials\04_Video_Production_Guide\Video_Production_Best_Practices.md","767","No","Yes","No","No","No","No"
"15_Memory_Safe_Languages\01_Rust_vs_C\03_Linux_Kernel_Rust_Integration.md","785","No","Yes","No","No","No","No"
"Zig\Zig_Testing_Debugging.md","786","No","Yes","No","No","No","No"
"06_Thinking_Representation\09_Bloom_Taxonomy\07_Creation_Projects.md","788","No","Yes","No","No","No","No"
"05_Deep_Structure_MetaPhysics\03_Verification_Energy\README.md","841","Yes","Yes","No","No","No","No"
"04_Industrial_Scenarios\15_Industrial_Communication\README.md","842","Yes","Yes","No","No","No","No"
"07_Modern_Toolchain\02_Build_Systems_Modern\02_Meson_Build.md","888","No","Yes","No","No","No","No"
"Zig\Zig_Machine_Learning.md","933","No","Yes","No","No","No","No"
"Zig\Zig_Python_Binding.md","944","No","Yes","No","No","No","No"
"Zig\Zig_Build_System.md","947","No","Yes","No","No","No","No"
"07_Modern_Toolchain\03_CI_CD_DevOps\02_Docker_C_Development.md","957","No","Yes","No","No","No","No"
"15_Memory_Safe_Languages\01_Rust_vs_C\08_Incremental_Migration_Guide.md","965","No","Yes","No","No","No","No"
"05_Deep_Structure_MetaPhysics\06_TLA_Plus\03_Model_Checking.md","971","No","Yes","No","No","No","No"
"Zig\Zig_Distributed_Systems.md","971","No","Yes","No","No","No","No"
"Zig\Zig_Security_Cryptography.md","979","No","Yes","No","No","No","No"
"Zig\Zig_Learning_Paths.md","980","No","Yes","No","No","Yes","No"
"14_Video_Tutorials\03_Interactive_Exercises\Exercise_Database_Schema.md","982","No","Yes","No","No","No","No"
"Zig\Zig_Package_Ecosystem.md","983","No","Yes","No","No","No","No"
"Zig\Zig_GUI_Development.md","988","No","Yes","No","No","No","No"
"06_Thinking_Representation\09_Bloom_Taxonomy\04_Application_Exercises.md","1004","No","Yes","No","No","No","No"
"06_Thinking_Representation\06_Learning_Paths\01_Beginner_to_Advanced.md","1007","No","Yes","No","No","No","No"
"05_Deep_Structure_MetaPhysics\06_Standard_Library_Physics\README.md","1025","Yes","Yes","No","No","No","No"
"Zig\Zig_Performance_Optimization.md","1026","No","Yes","No","No","No","No"
"02_Formal_Semantics_and_Physics\10_ISA_Machine_Code\06_Control_Unit_Design\03_x86_Microcode.md","1037","No","Yes","No","No","No","No"
"07_Modern_Toolchain\02_Build_Systems_Modern\04_Bazel_C_Projects.md","1048","No","Yes","No","No","No","No"
"Zig\Zig_Database_Advanced.md","1051","No","Yes","No","No","No","No"
"14_Video_Tutorials\00_Video_Course_Outline.md","1054","No","Yes","No","No","No","No"
"15_Memory_Safe_Languages\04_Decision_Frameworks\01_Language_Selection_Guide.md","1054","Yes","Yes","No","No","No","No"
"05_Deep_Structure_MetaPhysics\06_TLA_Plus\02_PlusCal_Language.md","1062","No","Yes","No","No","No","No"
"05_Deep_Structure_MetaPhysics\05_Lean_4\07_Lean_Mathlib_Overview.md","1085","No","Yes","No","No","No","No"
"06_Thinking_Representation\09_Bloom_Taxonomy\03_Understanding_Checks.md","1106","No","Yes","No","No","No","No"
"05_Deep_Structure_MetaPhysics\05_Lean_4\06_Lean_Proof_Examples.md","1111","No","Yes","No","No","No","No"
"03_System_Technology_Domains\03_Multi_Raft.md","1114","No","Yes","No","No","No","No"
"Zig\Zig_Embedded_Systems.md","1126","No","Yes","No","No","No","No"
"Zig\Zig_Concurrency_Async.md","1127","No","Yes","No","No","No","No"
"07_Modern_Toolchain\05_Code_Quality_Toolchain\01_clang_format_Setup.md","1132","No","Yes","No","No","No","No"
"Zig\Zig_Formal_Semantics.md","1163","No","Yes","No","No","Yes","No"
"06_Thinking_Representation\03_Decision_Trees\README.md","1195","Yes","Yes","No","No","Yes","No"
"Zig\Zig_Industrial_Cases.md","1212","No","Yes","No","No","Yes","No"
"Zig\Zig_OS_Development.md","1226","No","Yes","No","No","Yes","No"
"Zig\Zig_Game_Development.md","1255","No","Yes","No","No","No","No"
"07_Modern_Toolchain\13_Zig_C_Interop\01_Zig_C_Interoperability.md","1265","No","Yes","No","No","No","No"
"Zig\Zig_C_Interoperability.md","1339","No","Yes","No","No","No","No"
"02_Formal_Semantics_and_Physics\10_ISA_Machine_Code\08_RISCV_CPU_Complete\03_RV32IM_with_Cache.md","1370","Yes","Yes","No","No","No","No"
"Zig\Zig_Standard_Library_Deep_Dive.md","1550","No","Yes","No","No","No","No"
"02_Formal_Semantics_and_Physics\18_FPGA_Labs\01_Lab1_Basic_Gates.md","1576","Yes","Yes","No","No","No","No"
"02_Formal_Semantics_and_Physics\18_FPGA_Labs\03_Lab3_Single_Cycle_CPU.md","1610","Yes","Yes","No","No","No","No"
"02_Formal_Semantics_and_Physics\10_ISA_Machine_Code\06_Control_Unit_Design\02_Microprogrammed_Control.md","1642","No","Yes","No","No","No","No"
"02_Formal_Semantics_and_Physics\19_Hardware_Debugging\03_SignalTap_Quartus.md","1659","Yes","Yes","No","No","No","No"
"02_Formal_Semantics_and_Physics\19_Hardware_Debugging\04_Hardware_Debug_Methodology.md","1809","Yes","Yes","No","No","No","No"
"02_Formal_Semantics_and_Physics\10_ISA_Machine_Code\08_RISCV_CPU_Complete\02_RV32I_Pipelined.md","1851","Yes","Yes","No","No","No","No"
"02_Formal_Semantics_and_Physics\18_FPGA_Labs\02_Lab2_ALU_Implementation.md","1859","Yes","Yes","No","No","No","No"
"02_Formal_Semantics_and_Physics\18_FPGA_Labs\05_Lab5_Cache_Controller.md","1881","Yes","Yes","No","No","No","No"
"02_Formal_Semantics_and_Physics\09_Physical_Machine_Layer\01_Digital_Logic_Foundations\01_Transistor_Level.md","1884","No","Yes","No","No","No","No"
"Zig\Zig_Complete_Guide.md","2067","No","Yes","No","No","No","No"
"02_Formal_Semantics_and_Physics\19_Hardware_Debugging\02_ILA_Integrated_Logic_Analyzer.md","2155","Yes","Yes","No","No","No","No"
"02_Formal_Semantics_and_Physics\09_Physical_Machine_Layer\01_Digital_Logic_Foundations\03_Combinational_Circuits.md","2185","No","Yes","No","No","No","No"
"00_INDEX.md","2266","No","Yes","No","No","No","No"
"02_Formal_Semantics_and_Physics\09_Physical_Machine_Layer\01_Digital_Logic_Foundations\02_Logic_Gates_Implementation.md","2336","No","Yes","No","No","No","No"
"01_Core_Knowledge_System\09_Safety_Standards\MISRA_C_2023\tools\02_Helix_QAC_Guide.md","2379","Yes","Yes","No","No","No","No"
"02_Formal_Semantics_and_Physics\10_ISA_Machine_Code\12_x86_Microarchitecture_Impl.md","2383","Yes","Yes","No","No","No","No"
"02_Formal_Semantics_and_Physics\10_ISA_Machine_Code\11_ARM64_CPU_Implementation.md","2815","Yes","Yes","No","No","No","No"
"07_Modern_Toolchain\03_CI_CD_DevOps\05_Containerized_Embedded_Development.md","4461","Yes","Yes","No","No","No","No"
